categorie,chaine,lien,creee_le,pays,abonnes,vues_totales,videos_longues,meilleure_video,lien_video,vues_meilleure_video
PLUS DE 1 MILLION DE VUES,Survival technology Rahim,https://www.youtube.com/channel/UCb15jAHGCeOno6jT287XM8Q,2026-08-24,BD,23600,77521533,9,Part 2 Skills: Wilderness Survival & Natural Technology #forestlife || Survival Technology Rahim,https://youtu.be/HCAJCz3zp-Q,19348081
PLUS DE 1 MILLION DE VUES,WIRED Investigations,https://www.youtube.com/channel/UCQ5imaHcujp1h98CGpLE9sA,2026-07-13,US,14500,35333409,25,Shenzhen: The Silicon Valley of Hardware (Full Documentary) | Future Cities | WIRED,https://youtu.be/SGJ5cZnoodY,15727452
PLUS DE 1 MILLION DE VUES,Survival Technology Mamun,https://www.youtube.com/channel/UCiEM331Fprgy19tUk16l-Vw,2026-09-15,BD,14000,17269283,8,Survival Skills: forest survival and useful idea #camping​​ #outdoors​​ #survival​​ #shorts​​,https://youtu.be/YKz-zhSFHVc,13582931
PLUS DE 1 MILLION DE VUES,Baby Bon Bon - Nursery Rhymes & Baby Song,https://www.youtube.com/channel/UCLdpy8aqXPof2pUZ4Uod4Gg,2026-07-28,US,23400,32309113,9,Wheels On The Bus - Wheels On The Car - Puzzle Song | Baby Bon Bon - Nursery Rhymes & Baby Song,https://youtu.be/4alYTXo3Iro,11054710
PLUS DE 1 MILLION DE VUES,Nam Skills,https://www.youtube.com/channel/UCHEqqx_f5Ynxq8cz9EkS7ZQ,2026-09-16,US,4450,14887726,3,Survival Skills SMART ideas grow in the Forest #survival #outdoors #camping #forest #grow shorts,https://youtu.be/tOfuFC8casY,5669810
PLUS DE 1 MILLION DE VUES,Blue Tundra,https://www.youtube.com/channel/UCD9KJmNev9AsKfgelKy5IHg,2026-07-31,AR,22700,10890380,31,Every Woman Needs to See This Movie Before It’s Too Late! Not My Life | Drama Thriller,https://youtu.be/kAXefkp40hQ,5522892
PLUS DE 1 MILLION DE VUES,Anjali Joshi,https://www.youtube.com/channel/UCK7f2lKvFNAzzq64YWGsFfg,2026-07-20,IN,172000,25003906,83,India's New Polymer Notes Explained | Complete History of Indian Currency & RBI's Biggest Change,https://youtu.be/lH0AOho7gIQ,5426425
PLUS DE 1 MILLION DE VUES,The Last Day,https://www.youtube.com/channel/UCN6XxorahzAiDNyRnI1of2g,2026-07-09,US,25800,11023544,20,Nepal's 2026 Disaster Explained: The Glacier That Wiped Out a Valley,https://youtu.be/vfIaNeGVaVo,4890316
PLUS DE 1 MILLION DE VUES,Overengineered,https://www.youtube.com/channel/UCtrNrW5RTVzL7Tj07EExLKg,2026-08-04,US,12000,5200584,8,The 400 km Wall Japan Built to Stop the Sea,https://youtu.be/Eg0djVfKXU8,4418425
PLUS DE 1 MILLION DE VUES,Crime Effect,https://www.youtube.com/channel/UCT1q9fJBRKJL5jziyx-uIgw,2026-08-06,US,32600,7236741,24,Texas Nurse Hits 130 MPH at Red Light... Killed 6 Including Pregnant Mom and Infant | Nicole Linton,https://youtu.be/BonUYsGBxvg,4262465
PLUS DE 1 MILLION DE VUES,UnderTheHeadline,https://www.youtube.com/channel/UCjw4TogAifphMJ8HfZpk22w,2026-08-28,GB,16700,4952010,11,Nepal Floods 2026 Explained: What Caused the Deadly Flash Flood?,https://youtu.be/u5F175REX_U,4092990
PLUS DE 1 MILLION DE VUES,Dellirium 13,https://www.youtube.com/channel/UCPHJQU-h1VtHETXPtfdQqHg,2026-08-10,SK,24200,3646569,5,Jolly Mom Has No Idea Police Are About to Arrest Her 14-Year-Old Son for Murder,https://youtu.be/2ra-mGiM4q0,3643286
PLUS DE 1 MILLION DE VUES,InternetJanitor,https://www.youtube.com/channel/UCisSboeyknbuydky9aM0XKg,2026-08-21,,25300,7870004,11,The MrBeast Files Are Really Bad,https://youtu.be/xVdjsJgXj-0,3357568
PLUS DE 1 MILLION DE VUES,Bible Battle Arena ,https://www.youtube.com/channel/UCuFT2hq7gbGtyDcmiXJoFOA,2026-08-10,NG,29300,4066487,7,DAVID VS GOLIATH — THE FINAL BATTLE | ONE SHEPHERD. ONE STONE. ONE GIANT FALLS,https://youtu.be/1spqWruu064,3118979
PLUS DE 1 MILLION DE VUES,Happy Travel 99,https://www.youtube.com/channel/UCBZcvRhTjwtAdycWFSCHMsg,2026-07-06,US,54300,11424040,38,Living in Norway | The Truth About Life in the World's Richest and Most Beautiful Country | 4K,https://youtu.be/bmFTLT1qo9k,2903515
PLUS DE 1 MILLION DE VUES,GeoOrigins,https://www.youtube.com/channel/UCSZY6N_fKVbHJXakR-Lscyg,2026-08-18,US,8180,2778115,18,The Nepal Disaster: Why the Mountain Turned Into a Tsunami,https://youtu.be/IUQvhmXyvwk,2747036
PLUS DE 1 MILLION DE VUES,Axis Studio,https://www.youtube.com/channel/UC65qu2LupcgNS-q0wyTky1g,2026-08-24,US,37400,4319883,11,Billionaire Grandma Pretended to Be Homeless to Find Her Grandson a Wife | Full Movie,https://youtu.be/D72ef_n9gkA,2669491
PLUS DE 1 MILLION DE VUES,Golden Movie,https://www.youtube.com/channel/UCuBGwgD_7ujxTSjiEZWO0Hw,2026-07-28,US,11500,3505356,6,BASED on a TRUE EVENTS | The Ghost Town Curse! | NEW Thriller Movies 2026,https://youtu.be/gCGqMw03JL0,2388247
PLUS DE 1 MILLION DE VUES,Global Life Lens,https://www.youtube.com/channel/UCarhEwIqdYAmLTFamSTYbNg,2026-07-17,US,32000,11072936,35,"Life Inside the 15 Worst URBAN HELLS on Earth: Brutal Poverty, Toxic Cities & Impossible Lives!",https://youtu.be/9Z6w0DzKAE0,2344825
PLUS DE 1 MILLION DE VUES,BloxKitchen,https://www.youtube.com/channel/UCdeHx95zW5oWKpqOAaiC4dQ,2026-08-02,US,38200,5225166,8,🌶️ NOOB COOKS SPICY KOREAN TTEOKBOKKI! From Scratch | Roblox ASMR,https://youtu.be/0-kuRdjv0Q8,2338211
PLUS DE 1 MILLION DE VUES,Atlas One,https://www.youtube.com/channel/UCFGbFxED1ZssIePFzToxRxA,2026-07-17,NL,6370,3320226,27,They Were Left On An Island For 15 Years: True Survival Story,https://youtu.be/1mK3B2HLLg0,2261709
PLUS DE 1 MILLION DE VUES,Stylish Official 9.0,https://www.youtube.com/channel/UCuMVIJ8OBAOMf8xFAiIgFEQ,2026-07-20,,13600,6163528,158,Heartbroken Lofi Songs 💔 | Slowed + Reverb | Late Night Study & Focus Mood 🎧,https://youtu.be/5xHOqBfSMrU,2193015
PLUS DE 1 MILLION DE VUES,Under The Pigment,https://www.youtube.com/channel/UC4p5uAWz66riw7u_CJdWdMQ,2026-07-07,CA,8260,2249022,31,How Could This Be Painted 600 Years Ago?,https://youtu.be/s1xMkCP4LBU,1977887
PLUS DE 1 MILLION DE VUES,Rome Unscrolled,https://www.youtube.com/channel/UCuyKlvQhPbPKdENL8y1lDrA,2026-08-24,US,14500,3871367,12,What Did People in Ancient Rome Actually Do All Day?,https://youtu.be/U_eV4WbL6Vw,1905462
PLUS DE 1 MILLION DE VUES,Binary Mysteries,https://www.youtube.com/channel/UCg3wSTH3LHra5OrU6qc8L9Q,2026-07-10,,16400,2098787,118,6 MINUTES AGO: Vera Rubin’s First Images JUST STOPPED THE WORLD!,https://youtu.be/Cx7ApYyTrcY,1834664
PLUS DE 1 MILLION DE VUES,Dr. Ares Senior,https://www.youtube.com/channel/UC356D-NzdnznBOftTpYoBLw,2026-08-02,US,75700,8814051,40,Cardiologist Warns: This Sleeping Position Increases STROKE Risk Overnight!,https://youtu.be/8IDSe2S5hkw,1798713
PLUS DE 1 MILLION DE VUES,Mystic Life Stories,https://www.youtube.com/channel/UCqCJKlmXDx4_MKu_9woM_QQ,2026-08-22,US,9400,1900540,18,"Woman DIED for 19 Minutes, Met JESUS & Revealed a SHOCKING Truth About Trump in OCT. 2026",https://youtu.be/qJ4oSL6Y02o,1745511
PLUS DE 1 MILLION DE VUES,Rowsper,https://www.youtube.com/channel/UC72CxQzmK-lNwKRxl7WuMgA,2026-08-29,US,3780,1851452,8,The Tragic Story of Eduard Einstein – Schizophrenic Son of Albert Einstein,https://youtu.be/3KvSPS9sxwg,1704488
PLUS DE 1 MILLION DE VUES,Stateside Stories | Tales of America,https://www.youtube.com/channel/UCfNMaCk38ESUA3kcadq-m2w,2026-07-16,FR,20600,5596461,30,America's Motel Families: Life on the Edge,https://youtu.be/K3mtp_8P0aU,1639014
PLUS DE 1 MILLION DE VUES,Yucky Stew,https://www.youtube.com/channel/UCw079WltHPnwY8YEkVGI0bg,2026-07-15,US,35200,7572334,19,Riding the SECRET streets of BEL-AIR to CELEBRITY HOMES (E-Bike POV),https://youtu.be/ldGS4hWcHgw,1585443
PLUS DE 1 MILLION DE VUES,Mysterious History,https://www.youtube.com/channel/UCoSbvqpDerZ242E0cOIDdtQ,2026-08-16,IN,5870,3246047,9,Kabhi Na Doobne Wala Titanic Aakhir Kaise Dooba? | Complete Story,https://youtu.be/N-q36IiHosc,1573468
PLUS DE 1 MILLION DE VUES,LOFI XP VIBES,https://www.youtube.com/channel/UCbMrqPy9l0WrEJRjLyhyrsg,2026-07-17,IN,2260,1884533,8,Barsaat 🌧️ | All Trending Songs 🎧| Taare x Samjho Na x Safar x Bairan x Zulfein x Sahiba x Majboor |,https://youtu.be/xGPm2j1dDr4,1494387
PLUS DE 1 MILLION DE VUES,Osen Moonlight,https://www.youtube.com/channel/UCn3w59S6dW5KFYV2EAB8Tkg,2026-07-17,ID,8090,2622880,81,Zen Flute Therapy 🎶 | Dopamine Reset Music for Stress & Anxiety Relief,https://youtu.be/ldZHxztiahU,1440234
PLUS DE 1 MILLION DE VUES,Bodycam C4,https://www.youtube.com/channel/UCtoxoIsudLFxMl8HGMHF6wA,2026-09-09,US,3390,2187027,4,Predator Police Officer Realizes He's Doing 65 Years In Prison After Phone Search,https://youtu.be/d_uAsoejDK0,1435743
PLUS DE 1 MILLION DE VUES,Democratic Live Trust,https://www.youtube.com/channel/UCuexaVqvBdr2hNx3023HAqA,2026-09-01,US,9880,3674499,47,Trump ORDERS for Deportation of Jim Carrey after he HUMILIATED Him on Live Tv.,https://youtu.be/mfVjcBeL4Xc,1310726
PLUS DE 1 MILLION DE VUES,Bodycam Lockup,https://www.youtube.com/channel/UC5j2n6H-bjof1p4Wt4cPmrg,2026-07-19,US,22500,6063508,59,"Instead of Signing the Ticket, He Tried To Man-Handle Cop... Terrible Idea",https://youtu.be/oVqY93P0gQQ,1297879
PLUS DE 1 MILLION DE VUES,Ambrose Discovery,https://www.youtube.com/channel/UCAVxoa11gRHcit9_onvTkMQ,2026-07-15,US,61400,8861784,45,They Scanned King Tut's Mask With Quantum Imaging — The Results Terrified Egyptologists,https://youtu.be/0jbeAR2voWk,1289089
PLUS DE 1 MILLION DE VUES,Murph,https://www.youtube.com/channel/UCdPsd7GBKrHAYn0p-ojZ8Mw,2026-08-15,US,15000,3684527,49,Why Don't We Eat Duck Eggs Everywhere If Ducks Lay Almost as Fast as Chickens,https://youtu.be/th3KwvIV7Ac,1232345
PLUS DE 1 MILLION DE VUES,True Crime Consequence ,https://www.youtube.com/channel/UCo1WWIDt-wXo7ZAQOs8xwXw,2026-07-19,,22800,3177534,29,"22YO Tennessee Woman Was Lured to a Party, Kidnapped & Executed Over a Petty Argument | Mya Fuller",https://youtu.be/LEqmJSvCkpM,1139262
PLUS DE 1 MILLION DE VUES,Blue Nexus,https://www.youtube.com/channel/UC9D2_37ch9wTtGrviDiKcSA,2026-07-11,,14700,2507382,81,Scientists Explored the Mariana Trench—What They Found Is More Terrifying Than Space!,https://youtu.be/zYwiYcDQ49E,1120806
PLUS DE 1 MILLION DE VUES,IMPOSSIBLE ARCHIVES,https://www.youtube.com/channel/UCPJIOLhRrhbt3HILdvb3JmA,2026-09-02,US,3990,3133378,21,4K Djedi Robot Entered the Great Pyramid's Sealed Shaft - Revealing NEVER Before SEEN Footage,https://youtu.be/pvANZ5xuBQU,1117955
PLUS DE 1 MILLION DE VUES,Deep Space News,https://www.youtube.com/channel/UCewXKgR29p87NNf7i-vb-nA,2026-07-21,,30700,3711913,102,James Webb Just Saw Something Impossible on Pluto — Scientists Are Stunned,https://youtu.be/3J_miNIpmtc,1079265
PLUS DE 1 MILLION DE VUES,Health Knowledge Lab,https://www.youtube.com/channel/UCCODXeMCPBrX4iJeKdSEoWg,2026-07-08,US,40200,1449810,24,Your Legs Weaken First! Eat These 6 Foods to Strength,https://youtu.be/TEV2qtToccQ,1049683
PLUS DE 1 MILLION DE VUES,Building With Fong01,https://www.youtube.com/channel/UCQGS96Y23r75hPLQIOMv9cw,2026-08-05,VN,1970,2929333,15,7 Days Building a Tree House to Survive Wild Animals in Just 16 Minutes,https://youtu.be/gC1GKJiKxp4,1009020
PLUS DE 1 MILLION DE VUES,Ami,https://www.youtube.com/channel/UCccudwYFW6rM3YRsiXXK2ow,2026-07-07,GB,5210,1082094,14,"Why Did Ancient Human Progress Suddenly Explode 10,000 Years Ago  After 300,000 Years of Slow Progre",https://youtu.be/4jjI71UHutc,1003134
500 000 À 1 MILLION DE VUES,PowerChip,https://www.youtube.com/channel/UCNkDjEOw0s9atGHkr1ahMxg,2026-07-27,US,16200,2537536,23,China's $20 Sneakers Are Exposing a $250 Lie — Here's How,https://youtu.be/1CGANH4XKys,996294
500 000 À 1 MILLION DE VUES,Ground Break,https://www.youtube.com/channel/UC3kxXOwdikyRwVeS2v5EQ-w,2026-07-09,US,17600,1733774,17,China's $3 Glasses Are Destroying a $165 Billion Monopoly — Here's How,https://youtu.be/xC68t6CeJCk,995292
500 000 À 1 MILLION DE VUES,CrimeRecon,https://www.youtube.com/channel/UCgI6KHrFb3E24IjVcXvsJ8g,2026-07-26,US,9910,2995887,25,Man Celebrating New Year Has No Idea a Cop Is Behind the Fence,https://youtu.be/_PAs6eEymdI,987630
500 000 À 1 MILLION DE VUES,The Invisible Neighbors,https://www.youtube.com/channel/UChHGjAYhP5L4rDs4Sh-H1Lw,2026-07-27,US,11500,2677350,48,"Homeless at 24, She Bought a Rusted $1 Tiny Cabin — What She Found Inside Shocked the Entire Town",https://youtu.be/a-YjcvtV5r4,972447
500 000 À 1 MILLION DE VUES,Mr. Clayton Wells Stories,https://www.youtube.com/channel/UCO5NakQw6smCyLev9ygTDZw,2026-07-23,US,8620,1440167,163,A Black Girl Fed an Old Man Every Day—Then Military Officers Knocked on Her Door,https://youtu.be/LUuzlAETt5o,938396
500 000 À 1 MILLION DE VUES,Drive Standard,https://www.youtube.com/channel/UChucrMG4lVp_T5JBWt8mBoA,2026-08-04,,21500,2338172,21,10 Car Brands That Are Collapsing (Avoid them in 2026),https://youtu.be/ooH2clmMSJ0,927287
500 000 À 1 MILLION DE VUES,Elvis Uncovered,https://www.youtube.com/channel/UCUK4joWtURDZyolyXsq_vrQ,2026-07-18,US,14100,1581585,56,Elvis Presley Was Moved to Tears When a 7-Year-Old Played His Song on a Broken Guitar,https://youtu.be/X01qCKxmN9A,927090
500 000 À 1 MILLION DE VUES,The Domino Effect,https://www.youtube.com/channel/UCM7EjjwsshQzCe0c_HsHmaQ,2026-07-21,US,45300,8780169,28,Ukraine's GENIUS Move Is Turning Russians Against Putin,https://youtu.be/hAaXtzbZyHU,921954
500 000 À 1 MILLION DE VUES,Server History,https://www.youtube.com/channel/UCPNM87OtiN07VjBLbyJ4cIw,2026-09-07,US,6030,869818,3,IF WW2 WAS A DISCORD CHAT (HISTORICALLY ACCURATE),https://youtu.be/51ZathOeW2E,909545
500 000 À 1 MILLION DE VUES,Duel: Arena,https://www.youtube.com/channel/UCcClHpHaSewRHfbQGdvG0sA,2026-08-09,US,13500,2313351,14,DUEL ARENA 1 - LIVE FROM ORLANDO!,https://youtu.be/sXtsJD6viJc,882054
500 000 À 1 MILLION DE VUES,Dr. Aven Royce,https://www.youtube.com/channel/UCDqCYJFNcJYXZApZJMeyciA,2026-08-25,,13600,1107743,22,The REAL Reason Your Body Ages FASTER After 75 (Backed By Science),https://youtu.be/vMfx7FXlCWQ,856327
500 000 À 1 MILLION DE VUES,Dr. Elias Senior Health ,https://www.youtube.com/channel/UCQcBYZxFW7YwNMU8-DsT3Uw,2026-07-06,US,57700,6516198,44,NEVER Agree to This: 5 Deadly Surgeries for Seniors!,https://youtu.be/g9qSvSLTUfU,847992
500 000 À 1 MILLION DE VUES,Greene Wisdom,https://www.youtube.com/channel/UCbA0_pSGzwX_oH4jKE2WoNA,2026-08-18,US,2340,806809,57,Psychology of People Who Don't Post their Photos on Social Media || Robert Greene || Best Motivation,https://youtu.be/_pTI70btJ3M,847652
500 000 À 1 MILLION DE VUES,Vibe_ hub,https://www.youtube.com/channel/UCQsDPm51pH72FW4tKyQuLXw,2026-08-09,,2500,1230188,5,Some of the best Rajasthani DJ songs are here 👋♥️ .Top 10 Rajasthani DJ songs.,https://youtu.be/sdJ4v0-WF5o,847204
500 000 À 1 MILLION DE VUES,Industrial Empire,https://www.youtube.com/channel/UCars5Y4vh9u0lAFmK1LmJ_A,2026-07-19,US,3970,1712682,55,Boston Suspended 26 Tons of Concrete With Glue—Then the Glue Began to Creep,https://youtu.be/tXoLMmY7AoA,844903
500 000 À 1 MILLION DE VUES,Timeless Reel Cinema,https://www.youtube.com/channel/UCApdB5Xt0UKFMNGuAUH-ngA,2026-07-28,US,10200,3357402,17,BASED on a TRUE EVENTS | Before And After | NEW Drama Thriller Movies 2026,https://youtu.be/boJ3lTSdPvg,837135
500 000 À 1 MILLION DE VUES,Anuj Bhardwaj,https://www.youtube.com/channel/UC9VNSUhPU16dnjU1Ad5qZTg,2026-07-25,,39800,4065096,8,He Tried to Kill YOGI... Then Everything Changed !,https://youtu.be/uUcwu7-nz9U,831255
500 000 À 1 MILLION DE VUES,United History TV,https://www.youtube.com/channel/UCePv4nLlRmq4PMc_LCSklTA,2026-08-07,TH,11000,1271790,33,ISIS Blew Up a Tomb On Camera... And Uncovered a Bible Secret.,https://youtu.be/_yyECCZTvKE,829456
500 000 À 1 MILLION DE VUES,Indian Ocean Fisherman(Hindi),https://www.youtube.com/channel/UCShUrZ5nfWZSKHkZYU2QUTw,2026-07-15,,530000,247940535,11,Episode 6: Aakhir 1 Mahine Baad Ghar Laut Aaye! 🥹🐟| Deep Ocean Fishing 🎣,https://youtu.be/tWqWbJ4Kbao,816823
500 000 À 1 MILLION DE VUES,Dark Wild Archives,https://www.youtube.com/channel/UCntnmZ_6XgltSEfmE_wyTow,2026-08-12,,7030,2025934,26,Biologists Finally Know What's Hunting Black Bears in Smoky Mountains — And No One Can Believe It,https://youtu.be/ROVHp5HdVPU,812964
500 000 À 1 MILLION DE VUES,Traffic Rights USA,https://www.youtube.com/channel/UC9uRXMVtPLVVijfQBdqpOMg,2026-07-26,,12100,955208,28,"🚨 If Cops Say ""I Smell Alcohol"" — Say THIS Immediately (It's a Trap)",https://youtu.be/P9A7N2Wcq6c,812619
500 000 À 1 MILLION DE VUES,The Neural Signal,https://www.youtube.com/channel/UCyhUwgh0_UbMHNEsgW73GmA,2026-08-22,US,3750,1368224,45,The Shroud of Turin Was Reanalyzed by AI—and It Found Something That Shouldn’t Exist!,https://youtu.be/okmAMjvY20E,796785
500 000 À 1 MILLION DE VUES,JOYROOVE,https://www.youtube.com/channel/UCfqfe5y_hSNFMhIU50t9k4w,2026-07-10,JP,10600,2158360,49,"【PLAYLIST】You Can Slow Down, Feel the Groove & Come Back to Yourself | CHILL MOOD PLAYLIST R&B",https://youtu.be/vOozaTBCchs,757374
500 000 À 1 MILLION DE VUES,Staxxoh,https://www.youtube.com/channel/UCc8fhq3aCVnl-2xZSx14q7A,2026-07-22,US,8730,895013,3,SECRETLY Destroying My Brother's School SMP,https://youtu.be/6NoayQdxo3s,753885
500 000 À 1 MILLION DE VUES,Public Scope,https://www.youtube.com/channel/UCFfYRLszyR20WtPJITcj36w,2026-08-20,US,3390,1109194,38,TRUMP ERUPTS & STORMS OUT - Judge’s SHOCK JAIL Threat Sends Courtroom Into CHAOS!,https://youtu.be/XE7YYsDaX5w,742733
500 000 À 1 MILLION DE VUES,Food Facts Exposed,https://www.youtube.com/channel/UCO3x8Tslu-w8GjjcA1Ke-RA,2026-07-06,US,23300,2264840,39,DON'T BUY THESE 10 CHOCOLATE BRANDS AND 6 THAT ARE ACTUALLY CHOCOLATE,https://youtu.be/B78tyDcc6mQ,734192
500 000 À 1 MILLION DE VUES,Calm Strings,https://www.youtube.com/channel/UC_tNYDBeFFXwQtiOua87FxA,2026-07-10,US,6850,2557524,49,🌸New Trending Acoustic Love Songs 2026 Cover🎧Best Trending Pop Music Collection 2026,https://youtu.be/58xMPYKYcPg,733637
500 000 À 1 MILLION DE VUES,BecauseGeography,https://www.youtube.com/channel/UCVjFGpElZ4an8hUiUUFsqOQ,2026-07-17,GB,4130,1314418,15,Why Did China Unify as a Country But Europe Never Did?,https://youtu.be/YJbdVWal6SU,718874
500 000 À 1 MILLION DE VUES,The Legacy of Bruce Lee,https://www.youtube.com/channel/UC2gIZShLcbqXYovfm_LHB2w,2026-07-23,US,3180,1208640,7,"Bruce Lee Warned Steven Seagal ""Don't Try Me"" 3 Times on Live TV — 5 Seconds Later Studio Silenced",https://youtu.be/iTfEMX3ydEg,697407
500 000 À 1 MILLION DE VUES,Disaster Pulse,https://www.youtube.com/channel/UCKgdx0P0pSaKUsgZBkL9TSg,2026-08-24,,4300,962929,31,"ASIA’S DEADLIEST VOLCANO ERUPTS! Anak Krakatau Sends Ash 50,000 Feet High",https://youtu.be/28UP8fh-sCU,693860
500 000 À 1 MILLION DE VUES,Dhyan Sutra,https://www.youtube.com/channel/UC9FAioPhJHsw9v5sQ2XDhBw,2026-07-11,,14500,3590703,103,OSHO - Why is there no power in your voice? | Life-changing Quotes || #osho,https://youtu.be/-KQba3SbhOc,657228
500 000 À 1 MILLION DE VUES,Pulso Salvaje HH,https://www.youtube.com/channel/UCdC-mGCP9dVn8eCHiekQ58Q,2026-08-14,US,3870,2204083,40,Honey Badger vs Spitting Cobra & Baboon : Who Gets the Eggs | Wildlife Documentary,https://youtu.be/prgZESpLp2w,649572
500 000 À 1 MILLION DE VUES,The Business Vault,https://www.youtube.com/channel/UCgEL0fqNd4eV6-qbqdbzJUQ,2026-08-05,,10400,836212,11,How Five-Star Hotels Make Money | The Business Behind Luxury Hotels | The Business Vault ,https://youtu.be/G7-H0V1dFcE,644680
500 000 À 1 MILLION DE VUES,ECU ,https://www.youtube.com/channel/UCkiyVSQcU1tvszuYJQo4lgw,2026-09-03,,10100,967979,21,China's $22 Laptops Are Destroying a $30 Billion PC Empire — Here's How,https://youtu.be/mp9vZbuGqGw,643400
500 000 À 1 MILLION DE VUES,Windsor Royalty,https://www.youtube.com/channel/UCl6VeuuYhRJCOnohla774tQ,2026-09-24,,7600,1389179,12,1 MIN AGO: Prince Harry Just Revealed His Heartbreaking Final Choice,https://youtu.be/_U_28gbtCNQ,637090
500 000 À 1 MILLION DE VUES,Wild Wings Survival,https://www.youtube.com/channel/UCmzkwihfGCDEVZN-RQBIhtA,2026-07-13,US,3150,1760342,17,Mother Honey Badger vs Eagle : A Fierce Fight to Protect Her Cub | Wildlife Documentary,https://youtu.be/9dvLqv-EA9w,601247
500 000 À 1 MILLION DE VUES,How the West Actually Was,https://www.youtube.com/channel/UC7zRw8GXR7GQL8JgWOtSVAw,2026-08-24,US,4060,1088004,13,25 Things Saloons ACTUALLY Had in the Wild West (Hollywood Got It All Wrong),https://youtu.be/R5lfDNiEJbY,599568
500 000 À 1 MILLION DE VUES,Judge Elias,https://www.youtube.com/channel/UCSxXs1OCwRtXo4LldPk2EOQ,2026-07-26,US,3380,1614457,50,Cop ARRESTS a Firefighter Saving Lives at a Crash — Then Gets SUED,https://youtu.be/qhj6UCv_Ed8,589512
500 000 À 1 MILLION DE VUES,Officer Walker,https://www.youtube.com/channel/UC6476Eh5bFzwjAs2wheP-Og,2026-07-06,,11500,1928380,41,They Lured Her Into Their House To Tear Her To Pieces | True Crime Documentary,https://youtu.be/mDuNq51MZFA,579427
500 000 À 1 MILLION DE VUES,Pacific War Stories,https://www.youtube.com/channel/UCFyS0Tqppeor0LLzOebFxVw,2026-08-12,US,3900,737458,20,When US Pilots Trapped Biggest Japanese Battleship — Finished Her in 2 Hours,https://youtu.be/JIj9sg1rCEM,573243
500 000 À 1 MILLION DE VUES,Revo Bhai,https://www.youtube.com/channel/UClBqR-u289pGRrSkq0e_YOw,2026-07-24,,13100,4250962,2,Nobita vs Shinchan vs Masao ROBLOX Break bones challenge,https://youtu.be/Atlz83nHwp0,557502
500 000 À 1 MILLION DE VUES,True Crime Fam,https://www.youtube.com/channel/UCqxa0Z4MgAljpubkM2mp5TA,2026-07-07,,18000,2072228,27,FBI Releases Full Statement as Nolan's Friend Finally Breaks Silence... New Audio Changes the Case,https://youtu.be/p6Lsq0muJes,557386
500 000 À 1 MILLION DE VUES,Ancient World Uncovered,https://www.youtube.com/channel/UC8M2042mnxDerxayGEi61Zw,2026-07-23,US,4190,1860383,68,How Did Ancient Humans Sleep During the Ice Age?,https://youtu.be/Uri4mNd2XH8,550649
500 000 À 1 MILLION DE VUES,Jhon Construction,https://www.youtube.com/channel/UCCPCEUtao-g9_iWYyfF-B1w,2026-08-06,US,18200,2141129,49,Why Don't Seniors Try This $10 Bucket of Salt That Heats a Room All Winter With No Power?,https://youtu.be/fX4qYS3lQqY,544495
500 000 À 1 MILLION DE VUES,Dark light cinema 🎦 ,https://www.youtube.com/channel/UCjRk9KelXwqoNw9oBQYoeWg,2026-09-17,US,2820,533501,7,What If All Four of Us Started Dating?,https://youtu.be/HZUhSjzdcuE,543356
500 000 À 1 MILLION DE VUES,Gilded Heart Dramas ,https://www.youtube.com/channel/UCWzrwLbRAcwpE3e0yvXBD6g,2026-07-15,US,18000,4254871,118,【FULL】Everyone Thought She Was a Mute Beggar… Until They Found Out She Was a Billionaire CEO,https://youtu.be/t8LBO7CVyCU,514593
500 000 À 1 MILLION DE VUES,Echoes of Faith,https://www.youtube.com/channel/UCkdquD50tjgNjy9pA-xP1mQ,2026-08-03,,16700,581335,24,"Shadrach, Meshach and Abednego: Inside the Fiery Furnace",https://youtu.be/E7yN2c5AWNw,511442
500 000 À 1 MILLION DE VUES,NP entertainment,https://www.youtube.com/channel/UCWkpE7Gvb9A1wz48HEG-QWg,2026-08-24,US,3850,636435,1,I Seek the Fire | Action Fantasy Full Movie 2026,https://youtu.be/VGLxAMQtY0g,502705
100 000 À 500 000 VUES,The Unseen Earth,https://www.youtube.com/channel/UC3BTP2FmssM9YAt2QIe6u4A,2026-08-07,US,4340,2080785,37,BLUE PLANET | A Journey Through The Living Ocean | FULL EPISODE | 4K Documentary,https://youtu.be/QvETyBh4OsI,497035
100 000 À 500 000 VUES,Otis Boone,https://www.youtube.com/channel/UCbxymCPVaqv9wfBKenGr_KA,2026-08-17,,10600,2683806,42,There Are 6 Rules To Survive The Appalachian Trail... (From An Appalachian Local),https://youtu.be/1pX4n7XnzCk,496094
100 000 À 500 000 VUES,Luxury Edge,https://www.youtube.com/channel/UCJwsfQ952eN31zZBFWoNerA,2026-08-29,,12900,1917088,27,Miami’s $50M Star Island Estates Are Underwater — Now They Can’t Sell,https://youtu.be/yLJUsDTsO0U,496069
100 000 À 500 000 VUES,Kindly Sleepin',https://www.youtube.com/channel/UCMV00wakJpu71g4DAA0c4hg,2026-07-29,US,41300,2259829,17,Fall Asleep While I Sort 100% Of These Ducks,https://youtu.be/wYxxy6Y18pA,494127
100 000 À 500 000 VUES,Epicenter Files,https://www.youtube.com/channel/UC39F32yY4t7MwaNS2j3fq7w,2026-07-24,US,3510,1295469,23,"The Day a Mountain Collapsed and Buried 20,000 People Alive: Yungay 1970",https://youtu.be/8GAw9473DYM,493843
100 000 À 500 000 VUES,Only Interrogations,https://www.youtube.com/channel/UCEzrcp8suDtbpeD-UOkB6Uw,2026-07-20,CA,9170,2790624,76,"Dumb Killer Denies Video Evidence Of Her, Thinks Cops Believe Her (They Don't)",https://youtu.be/818TPlW7HXk,488476
100 000 À 500 000 VUES,Sovrenza,https://www.youtube.com/channel/UCVVdh4RcTqGGRLAjrjjsjTw,2026-09-02,US,572,452262,2,When Hollywood Legends Were Asked About Michael J. Fox,https://youtu.be/rB1HN3L05R0,486353
100 000 À 500 000 VUES,Trucker Life,https://www.youtube.com/channel/UCYvgxe4pS3f4JTJyD93hg4Q,2026-07-10,US,7740,1885634,37,20 U.S. Rest Areas So DANGEROUS Truckers Refuse to Stop There After Dark,https://youtu.be/riveGfraNPA,479599
100 000 À 500 000 VUES,bluehour,https://www.youtube.com/channel/UCd6Nhl8hAZ_oliQsIJLxzxw,2026-08-11,DE,4570,1887467,24,"let it go, you need sleep (ambient mix)",https://youtu.be/jqwjbaYSMrU,476891
100 000 À 500 000 VUES,The Fatal Board,https://www.youtube.com/channel/UCb0ps9eCp0y6yP1Xg4sDDFw,2026-07-21,IT,15900,2534381,62,The Fascinating Story of Garmin: The $7 Billion GPS Empire That Outsmarted Google Maps,https://youtu.be/g2xXxTyMXgM,469080
100 000 À 500 000 VUES,Marcus Explains,https://www.youtube.com/channel/UC3PwuepPoJA-OlFbEFD2hHw,2026-07-06,US,23300,2971014,34,The Economics of Money Laundering,https://youtu.be/5lpKA72DQmo,463353
100 000 À 500 000 VUES,The Greatest Homes,https://www.youtube.com/channel/UCyqObBgxCK_SzG5Axz6LRyQ,2026-08-07,,3890,1600078,33,Abandoned Mansions Of Infamous Drug Lords,https://youtu.be/JjTqRV5oqEc,461668
100 000 À 500 000 VUES,Iconic Times,https://www.youtube.com/channel/UCBT_GVxkghtdIKNsZBUxGng,2026-08-18,US,3920,2585678,79,Dolly Parton’s Family STUNNED as Lawyers Reveal Who Gets What She Never Gave Them!,https://youtu.be/9Y3Xi5dnKws,460823
100 000 À 500 000 VUES,Battle Tales,https://www.youtube.com/channel/UCZz0hoRnxtTxPtaHQsa1mCQ,2026-07-28,US,3460,1542767,29,The Mistake That Doomed Japan’s Repeated Attempts to Retake Guadalcanal,https://youtu.be/ohDdSyAZF1g,457340
100 000 À 500 000 VUES,Level Lives ,https://www.youtube.com/channel/UCRHip9LttBfiR5WOZSiOi5w,2026-07-23,TN,3770,731229,28,Your Life as Every Rank in Delta Force,https://youtu.be/_hOGv6EJbgA,448219
100 000 À 500 000 VUES,Believe tv,https://www.youtube.com/channel/UCJGY6HNlVeFEO9mv4ZSyt9w,2026-09-26,,5560,1847446,8,B t s#funny #fyp #foryou #foryou #freefire #food #facts #fun #funnyvideo #football ,https://youtu.be/_OEqr7Mfqnw,442797
100 000 À 500 000 VUES,StayAlert Interrogation,https://www.youtube.com/channel/UCe6zP0tEDeo1KkvLBeIuCSA,2026-07-11,,3630,1288633,23,Killer Grandma Throws 2 Year Old From Mall Walkway—Then Says She Wanted Her Gone,https://youtu.be/px1rYuXMFl4,435171
100 000 À 500 000 VUES,Ohio Uncovered,https://www.youtube.com/channel/UCvl5qAsaN6y5XKRcDk3cQYg,2026-09-01,GE,7850,1097326,16,10 Places in Ohio the Mob Used to Control,https://youtu.be/ZWLuAVAlavw,430892
100 000 À 500 000 VUES,Legends of Sport,https://www.youtube.com/channel/UC7kP9jppJ6cWKn-qhMDxooQ,2026-07-15,US,7450,1436430,33,"At 72, Oprah Finally Breaks Silence on Stedman — The Real Reason She Never Married Him",https://youtu.be/4RYLLXv0D-0,429393
100 000 À 500 000 VUES,Duty Station,https://www.youtube.com/channel/UCHNCwuaY4Wg1WWkTOWXZJOA,2026-08-02,,3310,1107520,60,What the First 72 Hours of Marine Corps Boot Camp Do to a Recruit Who Can't Go Home,https://youtu.be/hfjSAgjz6ZU,421578
100 000 À 500 000 VUES,HorrorVerse Cinema,https://www.youtube.com/channel/UCzdGkLAS27y0ONke1UFgU3g,2026-07-07,US,3520,979784,21,A Thrilling Adventure Awakened Three Deadly Furies! Can Anyone Escape?!,https://youtu.be/CryqfyOlOD4,415317
100 000 À 500 000 VUES,Old American Empires,https://www.youtube.com/channel/UCHCHcGMkCZt0TbchB5umlnA,2026-07-10,,4310,1538098,55,Why Nobody Wants to Eat at Golden Corral Anymore,https://youtu.be/XSzEWQhLhGM,413698
100 000 À 500 000 VUES,Legacy Archive,https://www.youtube.com/channel/UCAqt6sQvTPWUIom62ctQ2Sg,2026-08-05,US,3180,915166,47,Miley Cyrus JUST Revealed What Dolly Parton Said Before Her Death & It’s Heartbreaking!,https://youtu.be/J1cnUc3g8eQ,407161
100 000 À 500 000 VUES,Forgotten Home Engineering,https://www.youtube.com/channel/UCE3DzKfdkEEf3kwQYPqcJFA,2026-08-03,US,9320,1848511,34,20 Forgotten Home Designs That Stayed Cool Before Air Conditioning,https://youtu.be/mD6BZwBSq6c,399919
100 000 À 500 000 VUES,Umbra,https://www.youtube.com/channel/UCj7dn7avpKH8wl9cr5A1DYA,2026-08-26,US,3730,744772,7,The World's Most Powerful Telescope Just Turned On — And It Already Found Something Nobody Expected,https://youtu.be/Vanca_bvoXs,393411
100 000 À 500 000 VUES,Ollie Quiz,https://www.youtube.com/channel/UCAdtzKpp8TmPy74_bF9m_jQ,2026-08-06,US,4190,644816,11,"Guess Michael Jackson's Most Famous Songs 🎵👑 | Billie Jean, Beat It, Thriller",https://youtu.be/RBh4Tzd8wmU,375790
100 000 À 500 000 VUES,Bright Heart Stories,https://www.youtube.com/channel/UCSa7gHUPks0sVmRaJhIFrnQ,2026-07-19,US,9300,2295131,107,He Stopped Just for a Coffee… But Then He Heard a Familiar Voice He Never Expected!,https://youtu.be/yM2PKYasHX0,372612
100 000 À 500 000 VUES,PlanetGeo,https://www.youtube.com/channel/UCfB1Zpb95_biKdXgA1stFTg,2026-07-18,ES,3230,523372,12,300 Million Years Ago: When INSECTS Were Bigger Than Us,https://youtu.be/FmSmJFxrsh0,372375
100 000 À 500 000 VUES,Ancient Genomes,https://www.youtube.com/channel/UC_qrphyJytJ5PtYW7MMAdLg,2026-07-19,US,7780,1984432,79,The Fulani Were Never Who We Thought — DNA Revealed Their True African Ancestry,https://youtu.be/bl0iIu4v87o,367048
100 000 À 500 000 VUES,THE CRIME DISCOVERY,https://www.youtube.com/channel/UCDoOn9maCbnqe2qw1qiBvOw,2026-09-01,US,1660,468239,14,10 Famous Actresses Whose Fame Couldn't Save Them From Prison | True Crime Cases,https://youtu.be/FMdY3Qjscn8,359673
100 000 À 500 000 VUES,Consumer Truth,https://www.youtube.com/channel/UCidqAQ2CxzBp4OYzapEu_og,2026-07-10,US,11400,1357886,52,Whole Foods Just Did What No Grocery Store Would,https://youtu.be/ReJh-U102t0,356832
100 000 À 500 000 VUES,Money Life POV,https://www.youtube.com/channel/UCCEwJbv7D1CYzxdKYYOH6AA,2026-08-22,US,10700,2447877,45,POV: You Became the Rich Friend — Then Things Got Awkward,https://youtu.be/Bh13NQLk5uo,352862
100 000 À 500 000 VUES,Chill Dudes Stories,https://www.youtube.com/channel/UCiPtnLzvvsHZFBYGQ--kV7w,2026-07-09,US,15500,1211832,87,Free Federal Credentials That Can Actually Be Useful,https://youtu.be/6MU5a20DsQw,351301
100 000 À 500 000 VUES,Heaven Harmony,https://www.youtube.com/channel/UCtj3918NeV2jazMDHf8QvDQ,2026-08-11,US,7300,940331,29,Relaxing Halloween Ambience 🎃 Autumn Night in a Spooky Village 👻 Haunted Sounds & Halloween Music,https://youtu.be/DCIhG46lcGw,331594
100 000 À 500 000 VUES,The Earth Desk,https://www.youtube.com/channel/UCR-IU5gpyMITYCrK7iEZ4XQ,2026-08-24,US,4080,740810,22,Anak Krakatau Is Still Erupting... And Now Three More Volcanoes Just Woke Up,https://youtu.be/1kbtGbtc6qA,330378
100 000 À 500 000 VUES,The Mind,https://www.youtube.com/channel/UCCtocdleeSsGYWROYi8YCCQ,2026-07-21,US,11600,1651866,112,"Before He Died, a 96-Year-Old Tibetan Monk Revealed What Mount Kailash REALLY Is — It’s Terrifying!",https://youtu.be/IrBQYV1Jaj8,328346
100 000 À 500 000 VUES,Waterwake,https://www.youtube.com/channel/UCB4xjMTdVWs_hadh3x9BaKA,2026-08-07,US,4080,654340,32,Israel Is Now Pumping the Sea of Galilee Full Again,https://youtu.be/FDkG90_u6Ok,323237
100 000 À 500 000 VUES,Early Morning Report,https://www.youtube.com/channel/UCZDl4dr5drKHhWBsqVGfNSw,2026-07-31,US,11100,2106649,48,Trump FURIOUS After Jim Carrey DESTROYS His Narrative,https://youtu.be/Sapi7R7Ff9s,317894
100 000 À 500 000 VUES,SynthArq,https://www.youtube.com/channel/UC6_C5liXh20WwWvAQR6nsNw,2026-07-16,BR,3960,1327645,35,150 Year Old Abandoned Cargo Ship Turned Into a Luxury Mansion,https://youtu.be/-ALhvG7kpYo,315453
100 000 À 500 000 VUES,Lighthouse Mysteries,https://www.youtube.com/channel/UChDhhvt_EFred4AJYhFM6Jg,2026-07-22,US,7660,577704,4,The 1955 Kentucky Alien Encounter,https://youtu.be/eWDfQlNWOno,315370
100 000 À 500 000 VUES,After the Spotlight,https://www.youtube.com/channel/UCua7ED6DcSPimnWc3mabuSw,2026-09-08,,3910,652912,15,14 Most Arrogant SITCOM Stars,https://youtu.be/FxkMzxcKP10,314930
100 000 À 500 000 VUES,ConversationAnalysisGuy,https://www.youtube.com/channel/UCLbgX6QFnP19s2aIMl_AkFA,2026-09-04,RO,4530,788700,5,Chess Analysis - Breaking Bad | Gus and Max meet Don Eladio,https://youtu.be/0XXnB31SOnc,314324
100 000 À 500 000 VUES,EARTH SIGNAL,https://www.youtube.com/channel/UC6bz3qvnsGqw9r1q63IHIjw,2026-07-16,US,15600,2367143,111,The Himalayan Disaster Isn't Over — A New Lake Is Rising Right Above the Flood Zone,https://youtu.be/p1mFo-RuJbg,307864
100 000 À 500 000 VUES,Kurogami,https://www.youtube.com/channel/UCMAHAv5-NHe_SwtV910PPlw,2026-07-06,,8730,1398802,17,Conquered the World! 👑My System Made Me Rich Enough to Own the Entire World! 💸🌍,https://youtu.be/VFqa5o_RJPg,305955
100 000 À 500 000 VUES,SteelFate,https://www.youtube.com/channel/UChNDcHN-DkxTw-oeMukUUfA,2026-09-04,US,3260,665051,39,The Apocalypse Starts Tomorrow—Then I Awakened the Power to Create Anything!,https://youtu.be/Qdx7cZj9YuE,303514
100 000 À 500 000 VUES,Barley Studios,https://www.youtube.com/channel/UC80t_BwkQ7pKLItaiib4P1A,2026-07-15,CA,5670,308408,1,NIGHTBORNE — A Neill Blomkamp Sci-Fi Film. Fully AI (4K),https://youtu.be/8Wbtt2JxP7g,296555
100 000 À 500 000 VUES,The Word of the Bible,https://www.youtube.com/channel/UCvbJaHyYNXt6Hn0Np_Ro6lA,2026-08-04,US,12700,773644,20,Why Muslims and Jews Avoid Pork — So Why Do Christians Eat It?,https://youtu.be/umVOILo8Bz0,295995
100 000 À 500 000 VUES,Uncut Interrogation,https://www.youtube.com/channel/UCL9dJYOmkZe_1_3ET-YEdcQ,2026-07-22,,7540,1412832,33,Killer Wife Realizes She's Caught in Her Husband's Murder Redhanded | Police Interrogation,https://youtu.be/uIphw5uSUZY,294243
100 000 À 500 000 VUES,SWOT,https://www.youtube.com/channel/UCexGhy9qhpsCkJsHYhHHW3Q,2026-07-25,US,3380,593907,15,Roblox Is Finally Paying The Price,https://youtu.be/nbq-cvpgkyE,290702
100 000 À 500 000 VUES,Reddit Love Betrayals ,https://www.youtube.com/channel/UC34Oe6Een39nFCPuckmVH3w,2026-08-08,US,1600,1446037,87,"She Filed A Restraining Order Claiming I Was ""Emotionally Abusive"" —So I Stopped Paying Her Bills",https://youtu.be/QqYaZGDdq68,287840
100 000 À 500 000 VUES,Survival Blueprint,https://www.youtube.com/channel/UCiGOVbSR3aWWFAO0_ux_fwA,2026-08-12,,9100,946245,13,11 Dollar Tree Heating Items That'll Be WORTH GOLD in Winter Emergencies,https://youtu.be/QQDzD6oSPic,285253
100 000 À 500 000 VUES,Deep Minds,https://www.youtube.com/channel/UC7xMuAZvnKCP0tmseIVFtBg,2026-08-09,US,4080,767848,56,Einstein Talked About Jesus — And What He Said Might Surprise Even Christians,https://youtu.be/pkFIjyyaAxE,284063
100 000 À 500 000 VUES,James Updates,https://www.youtube.com/channel/UCRwiONwwNCh4QaXIrGr8IXA,2026-07-29,US,16600,2326299,48,Trump FACES JAIL After Supreme Court Trapped His Financial RECORDS!!,https://youtu.be/gptvl8PKqJk,283882
100 000 À 500 000 VUES,Old Lion Stories,https://www.youtube.com/channel/UCBQP2z9Gw2eqfLhe1w1PeuA,2026-07-07,US,31400,3459097,100,I Inherited a Run-Down Farm While My Son Got a $5M Penthouse — But When I Opened the Door...,https://youtu.be/MLgwnkmVYhk,282738
100 000 À 500 000 VUES,Edge Tales,https://www.youtube.com/channel/UCmZkIfh9dr9434fuWfv_5RA,2026-07-21,US,7870,1495959,39,How People Live in Ni'ihau | The Hawaiian Island Frozen in Time by One Family | 4K Travel Document,https://youtu.be/Rw1T8AMZz8o,277139
100 000 À 500 000 VUES,The Legacy Living,https://www.youtube.com/channel/UCBt9lJDE6HnhYKaufqB_dZA,2026-07-13,US,11900,853985,37,Top 12 US Cities Black Americans are Quietly Moving to in 2026 !,https://youtu.be/TTXg0hLWnOg,261311
100 000 À 500 000 VUES,Patriarch's Echo,https://www.youtube.com/channel/UCqkRJuoX1VExGyJmW8zKTug,2026-08-05,US,8850,3391638,114,“YOU’RE NOT IMPORTANT ENOUGH!” My Daughter’s Fiancé’s Father Said—Then I Canceled His Deal…,https://youtu.be/8Pzu_r6O_ew,260864
100 000 À 500 000 VUES,CRIME WATCH,https://www.youtube.com/channel/UCAbrhN60nQBM-aVktUzQLeA,2026-07-29,,6950,734814,24,Nolan Wells Only Best Friend Revealed What Really Happened on Horn Island. True Crime,https://youtu.be/70DAY7YDTy8,257932
100 000 À 500 000 VUES,Geography Docs,https://www.youtube.com/channel/UCSla_l_pqroAgon-v2wciIA,2026-09-05,,3220,572193,10,Why the Ohio River Is Not What You Think,https://youtu.be/H5DQyr3kgmY,253848
100 000 À 500 000 VUES,House of Ruin,https://www.youtube.com/channel/UCsy0WXSl5le9tBMcPNo0CFQ,2026-07-17,US,12500,1589217,42,The Dark Story of Karl Lagerfeld,https://youtu.be/yb95GGWFvZA,248294
100 000 À 500 000 VUES,SmileeGrow,https://www.youtube.com/channel/UCpieDfXz1xhISZRPww-x9rQ,2026-07-23,,349000,209932818,1,Can Grox beat him? 💀,https://youtu.be/ZCDAw5H6mt4,247968
100 000 À 500 000 VUES,Ignite Drama,https://www.youtube.com/channel/UCpePS6g1LeofFevgioDVVVQ,2026-07-09,US,10800,2416529,96,💥The Man Humiliated In Public Turns Out To Be The Realm‑Guarding War God Holding The Tiger Talisman!,https://youtu.be/_MSF6-FdDwc,247675
100 000 À 500 000 VUES,Sincérité,https://www.youtube.com/channel/UCXrmpU94xj7Xj4H2-j2f3DA,2026-07-26,,4250,633971,9,The Psychology of Cultural Capital: Why Some Women Seem Effortlessly Sophisticated,https://youtu.be/_kOm7W9a6BY,237977
100 000 À 500 000 VUES,Brave Wild West,https://www.youtube.com/channel/UCyYkPiDr9oQqX5AdHRmoK_A,2026-07-14,US,13300,557234,3,"""Your Translator is Lying!"" — Widow's Daughter Warns Millionaire Cowboy in Fluent German Before Deal",https://youtu.be/6bpoD_hcyJU,232490
100 000 À 500 000 VUES,Astroline Report,https://www.youtube.com/channel/UC8LJbvpAsk2AoIiSy5C6P3w,2026-08-30,US,3680,657684,52,No One Alive Has Ever Seen This Happen to the Moon — And It Starts Next Week,https://youtu.be/u3IuKJ5Un8I,231151
100 000 À 500 000 VUES,The Ocean Planet,https://www.youtube.com/channel/UCFZ_h_YPm3lRy_Eg4mxqMfA,2026-07-13,US,4230,1460654,60,DEEP SEA CREATURES | Strange and Mysterious Life Under the Ocean | 4K Documentary,https://youtu.be/zXCPnw2LGVo,230640
100 000 À 500 000 VUES,Scandinavian Secrets,https://www.youtube.com/channel/UCWhCOkIExqh5XwcJdWYKAfg,2026-07-08,,7870,821720,107,15 Things Scandinavians Never Buy — And Neither Should You,https://youtu.be/RMpqaYeD-lg,225454
100 000 À 500 000 VUES,Kaboom,https://www.youtube.com/channel/UCYPY4wIHPmVn_wMEtIeFCmw,2026-07-06,FR,3570,909479,43,The Fastest Poison We Ever Made — The History of Cyanide,https://youtu.be/5mkzy6mKGH0,224449
100 000 À 500 000 VUES,Royal Documentaries,https://www.youtube.com/channel/UCvLhykLm-G1TFRSVlcKrZzA,2026-08-19,,1370,220346,1,Why Everyone Who Worked For Prince Andrew Hated Him,https://youtu.be/UDIBTBv4GEM,221546
100 000 À 500 000 VUES,LawCam Explained,https://www.youtube.com/channel/UC37IxGLiGZIRWXCloKHOF5w,2026-08-14,US,3320,1566486,44,Entitled Woman Bosses Cops Around Until It Backfires | Legal Analysis,https://youtu.be/SQFBz1AbOk0,218546
100 000 À 500 000 VUES,Cold Cases Solved,https://www.youtube.com/channel/UCS-m03NzS2bjaVIMvohuipA,2026-08-17,US,9420,668705,31,WISCONSIN 1974 Cold Case Solved After 50 Years — Her Killer Was Finally Caught at 84,https://youtu.be/yGFcevoSGfU,217962
100 000 À 500 000 VUES,Grandma's Lost Homefront,https://www.youtube.com/channel/UCr-6WvY74SYYUphfFrdsTxw,2026-08-03,US,3480,552492,28,"20 ""Poor Man's"" Pantry Tricks That Make $300 Grocery Bills Look Ridiculous",https://youtu.be/g_Z7RA9UeXU,216835
100 000 À 500 000 VUES,Untold Chapters,https://www.youtube.com/channel/UCFzzcdBDpKgB2JqU7Nd3vgA,2026-07-21,US,11200,1783883,46,Three Sisters Were Presented for the Duke to Marry — He Chose the Quiet Woman Pouring the Tea,https://youtu.be/x5NIhfHtE4c,212229
100 000 À 500 000 VUES,Greene Mindset,https://www.youtube.com/channel/UCaUXQGn0gh2_EUtACM3Ldzg,2026-07-11,US,8500,297437,82,🧠 How To Forge an Aura So Ruthless that Bends People to Your Will | Robert Greene Motivation Speech,https://youtu.be/i37cjuJqnqI,209542
100 000 À 500 000 VUES,Story Harbor,https://www.youtube.com/channel/UCqRJuWcnJ0D1V7wEXWjrS9A,2026-07-18,US,9420,1528445,53,The Alien Soldier Hit the Medic. Every Human Marine Went Silent. | HFY,https://youtu.be/HsEl1EdMmw8,208988
100 000 À 500 000 VUES,The Royal Insider,https://www.youtube.com/channel/UCykMTa-ze1mmQX_X1cwkhYQ,2026-07-21,US,3680,508691,59,1 MIN AGO: King Charles Just Made His Final Public Move... And It Changes Everything,https://youtu.be/PuR_geC7uuE,205792
100 000 À 500 000 VUES,Hollywood Whispers,https://www.youtube.com/channel/UCyRLsq95quO43JKkRl1cTwQ,2026-07-11,RS,3830,987925,50,15 TV Actresses Who Turned Out to Be Monsters Off Camera..,https://youtu.be/45ADyogJQOM,203034
100 000 À 500 000 VUES,Map Mayhem,https://www.youtube.com/channel/UC3j80hI-s6veLhx5eEppVUA,2026-09-19,US,3710,1078955,7,McDonald's Has NEVER Opened in These Countries,https://youtu.be/kdk0SOZ32gI,197563
100 000 À 500 000 VUES,CLARK UP MEDIA,https://www.youtube.com/channel/UCCi4Rc-b3ob-XE0pcWZRKYQ,2026-07-18,US,4240,563785,45,"BREAKING: WNBA ERUPTS AS LARRY BIRD,CLARK & SOPHIE MAKE A HUGE MOVE — STEPHANIE WHITE IN TEARS!",https://youtu.be/yAm2Bn6_QIk,193207
100 000 À 500 000 VUES,Dr. Atlas Senior Health,https://www.youtube.com/channel/UC1BwGJgU9P04BDlFIsIagTQ,2026-09-07,US,7360,493804,20,Cardiologist Warns: This Sleeping Position Raises Your STROKE Risk Overnight!,https://youtu.be/uNwMZ_4yO68,191353
100 000 À 500 000 VUES,Frontier America,https://www.youtube.com/channel/UCUKn0Pn8KdpKP8gQLEfjFWw,2026-07-31,,21600,1729118,48,Google BLOWS UP The Entire Tech Industry With Latest Announcement!,https://youtu.be/HneK5AIUUDo,190600
100 000 À 500 000 VUES,The Billy Graham Legacy,https://www.youtube.com/channel/UCz3_JbXDHp7cAwy7sE5S_Vw,2026-09-25,US,5200,482018,11,Why the Chosen Ones Walk Alone — God’s Hidden Reason | Billy Graham,https://youtu.be/2aUBF7DWf_o,187433
100 000 À 500 000 VUES,Song verse Hindi ,https://www.youtube.com/channel/UCz8CF8hfhg5B-cfcxtiQIMQ,2026-07-27,IN,8410,5633775,200,"Heartbreaking 💔 Lofi Mashup 🎧 Slowed + Reverb Songs | Study, Focus &Late Night Mood",https://youtu.be/uID4ghEVTcU,186973
100 000 À 500 000 VUES,Past Proof,https://www.youtube.com/channel/UCi5icW0Ve3q6fbcAulx9N1w,2026-07-15,,3160,800746,88,The Origins of Indians Were Never as Simple as We Thought | Ancient DNA Reveals Why,https://youtu.be/Z-z7gswswKE,184039
100 000 À 500 000 VUES,Ship-Yard,https://www.youtube.com/channel/UC9YAfc8Jq3s3TDMu5yt1upw,2026-07-07,HR,7370,759088,31,Every Spaceship Movie Gets This Wrong (Except Alien),https://youtu.be/iu6J0zECZ18,183534
100 000 À 500 000 VUES,Kiln Studio,https://www.youtube.com/channel/UCKVJNt43vcgSiz-0AVDsYgA,2026-08-22,US,3260,234733,8,"How Libya Built the 2,800 km River Under the Sahara Desert",https://youtu.be/GcSVAyAbjPA,180404
100 000 À 500 000 VUES,Casefile Pulse,https://www.youtube.com/channel/UCrK8_BD8leZSpqqL6vSb3Bg,2026-07-08,US,3180,318599,40,Ohio House Of Horrors: NEW SEX ABUSE CHARGES Reveal a DARKER Secret Nobody Saw Coming,https://youtu.be/11NNMFJI3b8,179654
100 000 À 500 000 VUES,Football Aftershock,https://www.youtube.com/channel/UCfIXikZGQ0A17zYYNExgwXA,2026-07-16,US,3460,2004038,141,ARGENTINES PURGED from PREMIER LEAGUE — FIFA DRAGGED Into a MALVINAS WAR!,https://youtu.be/Rsrx3Xgw4tc,178500
100 000 À 500 000 VUES,HER HIDDEN MIND,https://www.youtube.com/channel/UCqBoA0XngXRKr4H8Up-xj0w,2026-07-22,US,1600,208963,34,What Happens Inside Her Mind When You Walk Away | Stoicism,https://youtu.be/booY_blDuKE,177629
100 000 À 500 000 VUES,Finding South Carolina,https://www.youtube.com/channel/UCYX5VjLTTbxd3CKQIfpP4fg,2026-08-10,US,3900,687538,30,12 Small Town South Carolina BBQ Joints Locals Drive 3 Hours For,https://youtu.be/WQu-PJQ-MXM,176422
100 000 À 500 000 VUES,Finance With Henry,https://www.youtube.com/channel/UC9wD6-6jjwj2Tmc1oB6oYBA,2026-07-16,US,3850,840743,84,POV: You Quietly Became Richer Than Your Friends — Then They Noticed | Building Wealth,https://youtu.be/bdP7SG5lU-o,172131
100 000 À 500 000 VUES,Anime Plot Archive,https://www.youtube.com/channel/UCNrTPNaLoSbiDX0VLTpgduA,2026-07-29,,10000,1490135,113,"1-5 season Heir of the Fallen Sect System Awakened, Two Geniuses by My Side",https://youtu.be/byAVtrnL9I4,171359
100 000 À 500 000 VUES,Savvy Capital,https://www.youtube.com/channel/UCJp4RDnENx92h4LifC4l6yw,2026-08-07,US,13000,2576636,109,"All Hell Will Break Lose..."" – Jeffrey Sachs",https://youtu.be/DfS_kmK-NdU,171295
100 000 À 500 000 VUES,THE FEMININE SECRET,https://www.youtube.com/channel/UCNyuYgEBppwAANGdEUklQog,2026-08-13,US,5530,664448,46,10 Hidden Truths About Female Psychology Every Man Should Understand,https://youtu.be/5Mmow-lBhD0,170411
100 000 À 500 000 VUES,Psycheas,https://www.youtube.com/channel/UC-M2_XPPK0kjbN8i1gLuuDg,2026-08-05,US,3220,323335,17,LISTEN TO THIS – And the universe will have no choice but to hear you | Carl Jung,https://youtu.be/KrmIDDq_C3s,169740
100 000 À 500 000 VUES,MINDSET MOTIVATION ,https://www.youtube.com/channel/UCcV5pnbp5Ig9yJE7DoDJQSg,2026-07-21,US,3860,256969,28,4 Times Jesus Said “Ask Anything in My Name” — And It Shall Be Done | E.W. Kenyon,https://youtu.be/u82OJVn_3xQ,167017
100 000 À 500 000 VUES,The Human Archive,https://www.youtube.com/channel/UCiJZdiL_2-RUDrlSuWHc2-w,2026-07-29,US,7610,1889602,176,The Galaxy’s Best Athletes Showed Up. Humanity Sent Miners | HFY,https://youtu.be/wqJuHD277PQ,164298
100 000 À 500 000 VUES,Inspired by Jiang,https://www.youtube.com/channel/UCwQ3a_H4jL9RByzmjfcZNwQ,2026-09-01,US,10000,650582,31,"It's Not a Recession, It's a DEPRESSION — And It's Already Here | Prof. Jiang Xueqin",https://youtu.be/UGeMbduFZes,162962
100 000 À 500 000 VUES,The Palace Insider ,https://www.youtube.com/channel/UCj1D0O_52_RARHltG3jRw7w,2026-09-01,,3980,389005,18,Harry's Children DENIED Royal Status! King Charles SHUTS THE DOOR FOREVER!,https://youtu.be/V48mN-ws0T8,161667
100 000 À 500 000 VUES,The Final Whistle Report,https://www.youtube.com/channel/UCBxGUAydhmi9pOxwbmW7BlA,2026-07-09,US,3310,1274944,149,JUST IN! BECKHAM DROPS A BOMBSHELL About MESSI Hours Before Argentina vs England,https://youtu.be/PdLuDYLiQ-I,158464
100 000 À 500 000 VUES,Abu Bakar,https://www.youtube.com/channel/UCgfffBqC884V8mJvpO3g_xw,2026-07-23,US,1750,224441,51,"50 Cent EXPOSES Unseen Jay-Z, Diddy & Rihanna Footage — New Documentary",https://youtu.be/u1cSaLxSh1E,154164
100 000 À 500 000 VUES,Insane Manhwa Recaps,https://www.youtube.com/channel/UCYuAHgKGdsbFM5AYAQ2lW1g,2026-07-24,US,7050,1576740,62,"His Girlfriend Called Him UGLY, Then A System Made Him 1% Hotter Every Day!",https://youtu.be/o6ahUFPnhNE,153640
100 000 À 500 000 VUES,The Christmas Curator,https://www.youtube.com/channel/UChtj4XIaH8P-0FGwt7cv14Q,2026-07-14,,4070,380213,10,11 High-End Christmas DIYs That Look Incredibly Expensive! (Boutique Dupes) 🎄,https://youtu.be/4eyYJRiYHQw,152701
100 000 À 500 000 VUES,Stoic Mind Power,https://www.youtube.com/channel/UCrt9S0CwyqIe2Cwd1_KuPBA,2026-08-08,,4610,409949,46,Never Chase. Never Beg. Never Explain. | The Stoic Code of Power,https://youtu.be/61jis6Ku7e8,151823
100 000 À 500 000 VUES, Stoic Force Daily,https://www.youtube.com/channel/UCNBavL7luhOyHBLs0zmtLhw,2026-08-09,US,1780,157379,39,"10 Ways Smart People Deal With Toxic People [They DON'T ""Argue""] | Stoicism | Stoic Wisdom",https://youtu.be/71OfA7rFe4U,150390
100 000 À 500 000 VUES,Adventures in the Wild West,https://www.youtube.com/channel/UCMZGs9PKxNb_Du8duXfTqnA,2026-07-16,HU,3800,800546,26,Born to a Kidnapped White Girl — He Became the Last Comanche Chief,https://youtu.be/8SAtaosJpAs,147897
100 000 À 500 000 VUES,Forgotten Fables,https://www.youtube.com/channel/UClJk8Aka_g1PqV87YTFeQIw,2026-07-17,US,3950,566145,32,"The Duke Gave Her the Worthless Castle No One Wanted—A Year Later, He Barely Recognized It",https://youtu.be/yY4L9v9Ryhs,145462
100 000 À 500 000 VUES,Merrick After Midnight,https://www.youtube.com/channel/UC725TaGg1wVx8z9Y9kCCHrA,2026-08-22,US,5180,413404,15,5 HOURS of Disturbingly STRANGE Stories for Sleep ► NO ADS,https://youtu.be/zWE9zEiIOvs,139660
100 000 À 500 000 VUES,Nations Unravel,https://www.youtube.com/channel/UC7l0TTKOmHIkcJ1yxz6jP4g,2026-08-12,US,8740,824174,27,Switzerland Launch WAR On Islam - Mosques SHUT DOWN — Migrants DEPORTED,https://youtu.be/j-COMODBFgk,139119
100 000 À 500 000 VUES,The Descent Record,https://www.youtube.com/channel/UCVY3w_1AFwz--kZF3HzNqoA,2026-07-15,US,4160,702498,51,The Lost City Beneath a Florida Sinkhole That Divers Say Predates the Last Ice Age,https://youtu.be/x9LBIxVli4k,137126
100 000 À 500 000 VUES,The Hidden Mind,https://www.youtube.com/channel/UCu-vp-N5GxiR2nI6zazvxFA,2026-08-14,US,3580,297458,22,Baruch Spinoza Was RIGHT: We Live Among IDIOTS — And Nobody Wants to Admit It,https://youtu.be/KqMqHs1XSFQ,136344
100 000 À 500 000 VUES,Empire Circuit,https://www.youtube.com/channel/UCVn7srR2nIXvkkg2rU8YhxA,2026-07-25,,3370,475661,70,"The Rise and Fall of RealPlayer, Media Player on Every PC That Buffered Into Oblivion Against iTunes",https://youtu.be/SgdlYoUk2aU,134311
100 000 À 500 000 VUES,MAD About Money,https://www.youtube.com/channel/UCBcCClPtsC5f8PHCz3YX6-A,2026-08-27,,3550,219692,10,Starting Over With My Budget | Empty Binders & Rebuilding My Emergency Fund,https://youtu.be/46bj-ktIE_I,133495
100 000 À 500 000 VUES,Dad Prevails,https://www.youtube.com/channel/UCOxMM_kU_VaS01FbH8nMorg,2026-08-06,US,8390,1451159,72,"“Your Wife’s Illness Isn’t Our Problem,” My Daughter-in-Law Said — Then 23 Came to My Lake House",https://youtu.be/chFDA7H71Bc,133278
100 000 À 500 000 VUES,Awakening Theater,https://www.youtube.com/channel/UC8hd84aePNF-2Jk3ie_uRzA,2026-07-28,GB,3300,458156,32,【Title】Weakest Support Beast Awakens Devouring System and Evolves Into an Ultimate Beast Master,https://youtu.be/NLcMAz19tng,131660
100 000 À 500 000 VUES,Ballistory,https://www.youtube.com/channel/UClaUoce9MdNyfUWnqOsYgKQ,2026-08-14,US,3310,972018,43,Every Major Type of Naval Artillery Explained,https://youtu.be/999DvzgedDM,131486
100 000 À 500 000 VUES,Kingdom Reversal ,https://www.youtube.com/channel/UCALlGFBEMR8TlUh0plTNr_A,2026-07-30,US,3980,726287,16,THIS IS WHY YOU NEED TO PRAY... | Christian Life Lesson ,https://youtu.be/R7zWSuVJsKw,128923
100 000 À 500 000 VUES,Frontier Cowgirls,https://www.youtube.com/channel/UCg1nCCzUx-wGL_XYh8pVEWQ,2026-07-17,GB,3210,402596,22,She Paid Two Dollars for the Man No One Would Bid On — By Winter the Whole Town Owed Her Their Lives,https://youtu.be/HUPSzzQ0Qxo,128403
100 000 À 500 000 VUES,Senate Unsealed,https://www.youtube.com/channel/UCthgG5L0rbguU6AAUuUBoHg,2026-08-01,TR,3950,630898,66,JUST IN: John Kennedy Vs Ilhan Omar: The Wire Transfer That Nobody In Congress Saw Coming,https://youtu.be/kQZp4_xZTPY,128163
100 000 À 500 000 VUES,Twisted Love & Crime,https://www.youtube.com/channel/UC0aD5XwmP-52NOBrzPiL_gQ,2026-07-24,,3160,595081,36,Mother Survived as Her 5 Children & Their Uncle Were Shot Dead by Their Father — He Took a Plea Deal,https://youtu.be/dgttIDbwuBs,127702
100 000 À 500 000 VUES,Royal Whispers Stories,https://www.youtube.com/channel/UCYRYP3idOWwSF1prWi7Wrrw,2026-07-09,US,8680,1511279,64,"""TAKE OFF THE WEDDING DRESS,"" THE DUKE SAID COLDLY. ""THIS MARRIAGE IS JUST REVENGE.""",https://youtu.be/eav6RrRHMy0,125918
100 000 À 500 000 VUES,Tasman Defence Review,https://www.youtube.com/channel/UCYb6MhBqu3g9eb8PydtTuVw,2026-07-16,LT,7820,1219460,25,Head To Head: Comparing The Upgraded Mogami & The Arrowhead 140 (Type 31),https://youtu.be/D8abux3xA8A,125495
100 000 À 500 000 VUES,Bruno Manhwa Teller,https://www.youtube.com/channel/UCUtiT92khBLMCUywH23vfhA,2026-08-08,US,4220,513826,9, He Level Ups 100x Faster Than Other Academy Students Using His PLUNDER ABILITIES! - Manhwa Recap,https://youtu.be/SaaAKvZtFtM,122078
100 000 À 500 000 VUES,Briarstone Fables,https://www.youtube.com/channel/UCIZa9o6A54TnqEmOAX4gvYQ,2026-07-22,US,3150,717017,70,The Duke Gave Her the Servants No House Would Take—They Ran the Finest Kitchen She'd Ever Eaten In,https://youtu.be/9MfD4G3C1p4,118246
100 000 À 500 000 VUES,Williamson,https://www.youtube.com/channel/UC0UJp3kmO7wf33XFf56gbTw,2026-09-13,US,3200,147137,2,Why America Is Spending $3 BILLION on One Road in Missouri,https://youtu.be/U6PwkA7lDsY,114978
100 000 À 500 000 VUES,Amber Frank,https://www.youtube.com/channel/UCCRV2YpviZmi4XaW0uiS73Q,2026-08-12,US,3220,615965,47,She Paid $4 for a Carriage No One Could Unlock—What Was Inside Hadn't Moved in 30 Years,https://youtu.be/8XF-SV8DhiI,114507
100 000 À 500 000 VUES,Wisdom Of Humanity,https://www.youtube.com/channel/UCCEgd4jnGavo3oKYif4tX4Q,2026-07-08,US,1950,147184,13,10 Best Retirement Hobbies That Keep You Young After 60 | Stoicism | Stoic Philosophy,https://youtu.be/Qdh_zX-_aDs,114422
100 000 À 500 000 VUES,Mr. Finance Chronicles,https://www.youtube.com/channel/UCAloPg95U6tUVLumyZ8dsgw,2026-07-15,US,9580,501981,30,The Economics of Owning a Medieval Castle,https://youtu.be/bvC-fs_sqpc,112320
100 000 À 500 000 VUES,The Mega Finance,https://www.youtube.com/channel/UCO9bdllLLP5V2HbGIO7EDHg,2026-08-10,,15800,577583,20,7 Money Habits Quietly Keeping You Poor (Stop Doing These Now),https://youtu.be/Pw9ryLpa4Js,112012
100 000 À 500 000 VUES,DH_Tales,https://www.youtube.com/channel/UCoIm2AE9B4fcRH3o5K5yA_A,2026-07-10,US,3280,770595,100,Nobody Could Tame The Duke's War Horse — Then The Flower Seller Made This One Gesture,https://youtu.be/Wm-0jNwpqf0,110221
100 000 À 500 000 VUES,Love Across Seoul,https://www.youtube.com/channel/UC-R-YAGqJBDHnDXZDTa4XmQ,2026-08-15,US,3770,751364,179,"""Act Like My Wife."" A Billionaire Grabbed My Hand on a Luxury Cruise",https://youtu.be/yJ9-_-MQc8s,109779
100 000 À 500 000 VUES,KORELATE,https://www.youtube.com/channel/UCzg_8GAmu9EmTH45GSkQOuw,2026-07-27,GB,9250,2554154,48,Something got filmed that no one can debunk... ,https://youtu.be/w0U5_ZL-fDs,107279
100 000 À 500 000 VUES,The Adam Chronicles,https://www.youtube.com/channel/UChQHYvHe9ujBdjX6mTaxD9g,2026-07-28,AT,3490,305536,5,War in Heaven: The Dark Beginning of Warhammer 40K Lore,https://youtu.be/2ci42PX2xI8,106685
100 000 À 500 000 VUES,NORTHLINE,https://www.youtube.com/channel/UC68TaZKBCFON_fUtu3CcyOQ,2026-08-23,US,3750,335947,17,Trump Just Offered Canada a Deal — Carney’s Response Changes Everything,https://youtu.be/ZaWxNxkm6UU,106281
100 000 À 500 000 VUES,Xixi Drama Studio,https://www.youtube.com/channel/UCyVC2j1sAITACJTwI472crg,2026-08-27,US,4200,538026,29,"【DUB】Frozen Continent! Awaken Ice King System, rally followers, build ice empire! #anime #animation",https://youtu.be/h3-KCWO_R2I,100036
