rang,mot_cle,score,videos_dans_le_sujet,videos_100k_plus,videos_1M_plus,vues_mediane,100k_plus_12_derniers_mois,petites_chaines_qui_percent,chaines_differentes_100k,public,note
1,classic hollywood stars,214,100,62,24,200481,32,44,43,très senior,Format roi : « Then and Now » (avant/après). Attention aux droits des photos et des extraits.
2,appalachian,200,93,68,34,389835,42,24,49,très senior,"Histoires, folklore, vie dans les montagnes, hymnes des Appalaches. Très proche du public Amish."
3,titanic,192,92,82,50,1202310,35,20,63,mixte,
4,elvis presley,190,83,70,36,533117,27,33,51,très senior,Biographie et coulisses. Ne pas diffuser ses chansons (Content ID).
5,old gospel hymns,182,64,56,23,632552,26,37,42,très senior,"Colle à Pastor Samuel. Musique : choisir des hymnes du domaine public (Amazing Grace, How Great Thou Art…) et déclarer le contenu IA."
6,1960s nostalgia,181,94,59,19,310491,22,39,41,très senior,"Chansons, objets et quotidien des années 60. Musique soumise aux droits : parler des chansons plutôt que les diffuser."
7,bible stories,171,87,71,37,614034,36,14,32,très senior,"Colle à Pastor Samuel : histoires bibliques racontées, versions « pour s'endormir »."
8,johnny carson,166,90,74,36,610196,21,25,23,très senior,Compilations et anecdotes : risque fort de droits d'auteur sur les extraits. Préférer la narration avec photos.
9,old hollywood,165,93,55,5,168422,22,33,41,très senior,
10,amish,164,92,72,32,360552,27,19,54,très senior,"Ta référence. Histoires vraies, mode de vie, et « pourquoi les Amish quittent… »."
11,ghost towns,163,87,65,23,324643,24,25,45,mixte,Villes abandonnées et leur histoire.
12,american presidents,156,94,78,28,384379,23,16,53,mixte,
13,princess diana,151,92,65,28,299484,24,19,53,très senior,
14,route 66,148,97,66,18,163355,20,21,49,mixte,
15,abandoned mansions,147,90,57,16,223567,34,11,30,mixte,
16,old west history,144,88,66,25,418691,21,18,40,mixte,"Faits méconnus, hors-la-loi, vraies histoires. Peu de risque de droits d'auteur."
17,grand ole opry,139,85,53,13,154745,19,24,34,très senior,
18,1950s america,137,93,53,16,145070,17,25,35,très senior,
19,vietnam war veterans,137,86,71,24,443857,10,23,41,très senior,
20,johnny cash,135,74,61,31,634510,5,32,49,très senior,
21,cruise ship life,135,92,57,23,256408,21,18,39,mixte,
22,pearl harbor,126,84,68,25,465217,18,11,44,très senior,
23,kennedy family,125,97,57,7,150096,19,15,45,très senior,
24,old farm life,121,85,63,29,359399,11,18,49,très senior,
25,great depression,114,95,66,24,328882,14,10,51,très senior,
26,billy graham,114,99,76,29,399809,7,12,20,très senior,
27,old trains railroad,114,81,78,55,2522219,7,11,48,mixte,
28,country music legends,113,65,43,17,256191,13,22,29,très senior,
29,i love lucy,111,87,55,10,162196,4,24,27,très senior,
30,classic cars,111,93,35,4,57369,20,18,29,mixte,
31,carol burnett,109,98,75,27,283910,11,6,15,très senior,
32,royal family,109,91,53,25,147309,22,6,33,très senior,
33,rural america small towns,107,89,49,12,128431,20,9,24,mixte,
34,andy griffith show,105,79,43,10,180959,7,24,37,très senior,
35,native american history,105,80,61,25,360216,12,10,44,mixte,
36,moonshine,105,94,61,24,246538,14,8,33,mixte,
37,little house on the prairie,101,93,41,6,85451,14,16,26,très senior,
38,grandma recipes,100,95,68,26,344860,11,5,28,très senior,
39,bird watching,94,97,42,15,81285,12,14,34,mixte,
40,cowboy life ranch,93,81,55,10,268501,6,13,36,mixte,
41,world war 2 veterans,90,85,66,35,674590,5,7,40,très senior,
42,depression era recipes,88,94,56,21,199771,10,6,24,très senior,
43,gardening for beginners,88,89,62,18,252474,6,7,38,mixte,
44,gunsmoke,87,72,31,9,63145,7,21,28,très senior,
45,the waltons,87,90,33,5,55250,7,20,22,très senior,
46,bonanza tv,82,98,54,25,132318,4,10,19,très senior,
47,rv living full time,76,87,36,6,71279,7,13,28,mixte,
48,mennonite,75,96,39,9,62806,8,10,27,très senior,
49,off grid living elderly,75,90,37,17,59944,12,7,27,mixte,
50,canning food,75,89,49,3,118955,3,10,35,très senior,
51,homesteading,73,74,35,10,95534,13,6,29,mixte,
52,korean war,63,86,41,10,93121,5,6,30,très senior,
53,lumberjack history,63,93,27,5,808,8,10,24,mixte,
54,dust bowl,57,81,27,5,37005,2,13,25,mixte,
55,western tv shows,54,88,34,8,44369,2,8,17,très senior,
56,lawrence welk,46,98,20,6,21491,1,12,9,très senior,
57,old country stores,46,87,30,2,45179,3,5,12,mixte,
58,prohibition era,37,92,23,6,2969,4,3,19,mixte,
59,quilting,34,92,14,2,20672,3,7,12,très senior,
60,pioneer life,30,67,14,4,30679,3,5,14,mixte,
61,hutterite,23,93,11,2,23024,2,4,7,mixte,
62,shaker furniture,23,96,17,4,7956,0,3,16,mixte,
63,mormon pioneers,18,78,8,3,1926,2,3,7,mixte,
